path,sha256,size_bytes,subject_id,session_id,trial_id,experiment_id,acquisition_timestamp,acquisition_timestamp_source,processing_version,record_type_sample,notes
logs/agent_log.jsonl,71ad0d9abd4f2c8541403892387cd5a91fbf478d65e761748e07b1849e1124dc,1709423,P04,bc384003-5529-43ef-b046-24e4fcba22e9,,,2026-07-15T16:03:19.602837+00:00,record field (ts_utc/generated_at_utc of first record),1.0,agent_exchange,"trial_id: none of ['trial_id'] present in this file's records; experiment_id: none of ['experiment_id'] present in this file's records (predates Gate 0 provenance, this task); parse_status: parsed: JSONL (first record)"
logs/browdiag_20260704_090042.jsonl,16772df971d24eaf04d84a0e9491b8fea79e7854195dfd9e79b6b62499d3baaf,82630,,,,,2026-07-04T03:31:02.066749+00:00,"file mtime (WEAK, non-evidentiary -- no ts_utc/generated_at_utc field in this file)",,,"subject_id: none of ['person_label', 'subject_id', 'participant_code'] present in this file's records; session_id: none of ['session_id'] present in this file's records; trial_id: none of ['trial_id'] present in this file's records; experiment_id: none of ['experiment_id'] present in this file's records (predates Gate 0 provenance, this task); processing_version: none of ['schema_version'] present in this file's records; parse_status: parsed: JSONL (first record)"
logs/browonly_20260703_224400.jsonl,ddbb5c1c21a817a7a8feabedd45b2c111cca56beb98b8fc05438423ac9b3be49,178428,,,,,2026-07-03T17:14:34.924728+00:00,"file mtime (WEAK, non-evidentiary -- no ts_utc/generated_at_utc field in this file)",,,"subject_id: none of ['person_label', 'subject_id', 'participant_code'] present in this file's records; session_id: none of ['session_id'] present in this file's records; trial_id: none of ['trial_id'] present in this file's records; experiment_id: none of ['experiment_id'] present in this file's records (predates Gate 0 provenance, this task); processing_version: none of ['schema_version'] present in this file's records; parse_status: parsed: JSONL (first record)"
logs/browonly_controlled_20260704_090428.jsonl,eec9fb1859e64a434735a0ae213cd66e1423e1435da75f15c8193661d993a15d,245512,,,,,2026-07-04T03:35:03.263983+00:00,"file mtime (WEAK, non-evidentiary -- no ts_utc/generated_at_utc field in this file)",,,"subject_id: none of ['person_label', 'subject_id', 'participant_code'] present in this file's records; session_id: none of ['session_id'] present in this file's records; trial_id: none of ['trial_id'] present in this file's records; experiment_id: none of ['experiment_id'] present in this file's records (predates Gate 0 provenance, this task); processing_version: none of ['schema_version'] present in this file's records; parse_status: parsed: JSONL (first record)"
logs/calib_repeat_20260704_101118.json,1d50faf08d9e1fa56f8b6c01cba20b9e28c26c4f7d7b3d7c5fb1b4d878c26a68,4584,,,,,2026-07-04T04:43:03.426127+00:00,"file mtime (WEAK, non-evidentiary -- no ts_utc/generated_at_utc field in this file)",,,"subject_id: none of ['person_label', 'subject_id', 'participant_code'] present in this file's records; session_id: none of ['session_id'] present in this file's records; trial_id: none of ['trial_id'] present in this file's records; experiment_id: none of ['experiment_id'] present in this file's records (predates Gate 0 provenance, this task); processing_version: none of ['schema_version'] present in this file's records; parse_status: parsed: single JSON document (array)"
logs/consent_log.jsonl,598ccb42100ecb804ac419dce08f5c730c6f4351324b93dc6cadaec05d75e0f6,7518,,990d58ac-df49-4e20-a3b3-5f8088a0a3de,,,2026-07-04T14:52:40.064915+00:00,record field (ts_utc/generated_at_utc of first record),,,"subject_id: none of ['person_label', 'subject_id', 'participant_code'] present in this file's records; trial_id: none of ['trial_id'] present in this file's records; experiment_id: none of ['experiment_id'] present in this file's records (predates Gate 0 provenance, this task); processing_version: none of ['schema_version'] present in this file's records; parse_status: parsed: JSONL (first record)"
logs/experimental_signals_log.jsonl,46d19f3195784cb849b288153471c4394df3ced7d034289b7d9de4842df2e1e8,819573,TEST4,21bd4059-13e4-48b8-8c0b-1b7d77056989,,,2026-08-09T08:20:41.307990+00:00,record field (ts_utc/generated_at_utc of first record),1.0,experimental_signals_window,"trial_id: none of ['trial_id'] present in this file's records; experiment_id: none of ['experiment_id'] present in this file's records (predates Gate 0 provenance, this task); parse_status: parsed: JSONL (first record)"
logs/gate2_trials.jsonl,8e436cf299744aaa5aa9fa4334674c5cfdc3f8adb0248c021cdf70aca49ee237,195556,P01,b09ceab0-882a-4917-96ba-90f119acf776,,,2026-07-05T11:50:49.754993+00:00,record field (ts_utc/generated_at_utc of first record),1.0,gate2_trial,"trial_id: none of ['trial_id'] present in this file's records; experiment_id: none of ['experiment_id'] present in this file's records (predates Gate 0 provenance, this task); parse_status: parsed: JSONL (first record)"
logs/gate2_trials_backup.jsonl,8e436cf299744aaa5aa9fa4334674c5cfdc3f8adb0248c021cdf70aca49ee237,195556,P01,b09ceab0-882a-4917-96ba-90f119acf776,,,2026-07-05T11:50:49.754993+00:00,record field (ts_utc/generated_at_utc of first record),1.0,gate2_trial,"trial_id: none of ['trial_id'] present in this file's records; experiment_id: none of ['experiment_id'] present in this file's records (predates Gate 0 provenance, this task); parse_status: parsed: JSONL (first record)"
logs/gate2_trials_relabeled.jsonl,7cca422f499820cc5929078da7126a8756648d18dc7d1c9c3a3550e3f4ed4b0b,195556,P01,b09ceab0-882a-4917-96ba-90f119acf776,,,2026-07-05T11:50:49.754993+00:00,record field (ts_utc/generated_at_utc of first record),1.0,gate2_trial,"trial_id: none of ['trial_id'] present in this file's records; experiment_id: none of ['experiment_id'] present in this file's records (predates Gate 0 provenance, this task); parse_status: parsed: JSONL (first record)"
logs/maxelicit_20260703_223509.jsonl,e3b0c44298fc1c149afbf4c8996fb92427ae41e4649b934ca495991b7852b855,0,,,,,2026-07-03T17:05:12.905152+00:00,"file mtime (WEAK, non-evidentiary -- no ts_utc/generated_at_utc field in this file)",,,"subject_id: file could not be parsed (see parse_status); session_id: file could not be parsed (see parse_status); trial_id: file could not be parsed (see parse_status); experiment_id: file could not be parsed (see parse_status) (predates Gate 0 provenance, this task); processing_version: file could not be parsed (see parse_status); parse_status: file is empty"
logs/maxelicit_20260703_223608.jsonl,3d5d32ccc94d14015b70e552b86f70f423071585c3834a31576789d56d1d3873,939978,,,,,2026-07-03T17:07:25.320284+00:00,"file mtime (WEAK, non-evidentiary -- no ts_utc/generated_at_utc field in this file)",,,"subject_id: none of ['person_label', 'subject_id', 'participant_code'] present in this file's records; session_id: none of ['session_id'] present in this file's records; trial_id: none of ['trial_id'] present in this file's records; experiment_id: none of ['experiment_id'] present in this file's records (predates Gate 0 provenance, this task); processing_version: none of ['schema_version'] present in this file's records; parse_status: parsed: JSONL (first record)"
logs/orientation_trials.jsonl,9a47ada316f9fd805f1e1fc5ac2dfaf38a4676a3a11e2b76aa882907204d5d89,25895,TEST,ddbc2c0f-4006-4d97-8963-62d3cc9975f7,,,2026-08-03T15:53:45.310428+00:00,record field (ts_utc/generated_at_utc of first record),1.0,orientation_trial,"trial_id: none of ['trial_id'] present in this file's records; experiment_id: none of ['experiment_id'] present in this file's records (predates Gate 0 provenance, this task); parse_status: parsed: JSONL (first record)"
logs/session_09a3bc97-6257-48f3-b451-afd43f6c6864.jsonl,1979866802a2bc68c2e6852c7bf91f1f9fef8ff57c523efc922e93baeb9bbd41,2131238,,09a3bc97-6257-48f3-b451-afd43f6c6864,,,2026-07-04T13:33:04.694288+00:00,record field (ts_utc/generated_at_utc of first record),1.3,sample,"subject_id: none of ['person_label', 'subject_id', 'participant_code'] present in this file's records; trial_id: none of ['trial_id'] present in this file's records; experiment_id: none of ['experiment_id'] present in this file's records (predates Gate 0 provenance, this task); parse_status: parsed: JSONL (first record)"
logs/session_234bf4e6-5223-4838-8f37-6fd54f3972f6.jsonl,ac94e80647bcb842a160da9da2c61f49d23d7d02bf1b3878ccad714c80e23d63,680524,,234bf4e6-5223-4838-8f37-6fd54f3972f6,,,2026-07-04T04:08:16.573144+00:00,record field (ts_utc/generated_at_utc of first record),1.1,sample,"subject_id: none of ['person_label', 'subject_id', 'participant_code'] present in this file's records; trial_id: none of ['trial_id'] present in this file's records; experiment_id: none of ['experiment_id'] present in this file's records (predates Gate 0 provenance, this task); parse_status: parsed: JSONL (first record)"
logs/session_2be7a0e4-981d-4041-b5ae-197f7b3d4e07.jsonl,c2f3f4540331722cf50ba4898b8a2733302051fdaf82d256bac5af56fd304a92,2895560,TEST_THREE_SIGNAL,2be7a0e4-981d-4041-b5ae-197f7b3d4e07,,,2026-08-01T15:19:18.955287+00:00,record field (ts_utc/generated_at_utc of first record),1.6,sample,"trial_id: none of ['trial_id'] present in this file's records; experiment_id: none of ['experiment_id'] present in this file's records (predates Gate 0 provenance, this task); parse_status: parsed: JSONL (first record)"
logs/session_3289d108-f63f-41a9-9657-b2a83a40ce74.jsonl,62f85ea36386de33706e587650e37edc56de9b8eab49d3a7332f0985480b2153,993128,,3289d108-f63f-41a9-9657-b2a83a40ce74,,,2026-07-04T04:05:17.061245+00:00,record field (ts_utc/generated_at_utc of first record),1.1,sample,"subject_id: none of ['person_label', 'subject_id', 'participant_code'] present in this file's records; trial_id: none of ['trial_id'] present in this file's records; experiment_id: none of ['experiment_id'] present in this file's records (predates Gate 0 provenance, this task); parse_status: parsed: JSONL (first record)"
logs/session_35bd3488-07a4-4cd2-b344-d1adc804b347.jsonl,11badc197f86759deb7dfadfb51c0a9a2a6839dcc9d65c82baec27714440a24a,1749942,TEST_INTEGRATION,35bd3488-07a4-4cd2-b344-d1adc804b347,,,2026-08-01T07:39:28.696187+00:00,record field (ts_utc/generated_at_utc of first record),1.5,sample,"trial_id: none of ['trial_id'] present in this file's records; experiment_id: none of ['experiment_id'] present in this file's records (predates Gate 0 provenance, this task); parse_status: parsed: JSONL (first record)"
logs/session_518d2fe5-16a7-4a98-97ba-9ed24a077036.jsonl,5f7e24e6a97939437dfccf7d6617cafe58d5f79c12ffa1e72d0dfe7d641ee481,1172434,P02,518d2fe5-16a7-4a98-97ba-9ed24a077036,,,2026-07-04T15:33:06.648330+00:00,record field (ts_utc/generated_at_utc of first record),1.3,sample,"trial_id: none of ['trial_id'] present in this file's records; experiment_id: none of ['experiment_id'] present in this file's records (predates Gate 0 provenance, this task); parse_status: parsed: JSONL (first record)"
logs/session_677e0e86-072e-4d69-96f5-60e3e6ce1590.jsonl,16a47863032ae812c12400008c8705200e06d7ea0e134630eda436154b70db50,2256334,TEST_THREE_SIGNAL,677e0e86-072e-4d69-96f5-60e3e6ce1590,,,2026-08-01T15:17:48.748668+00:00,record field (ts_utc/generated_at_utc of first record),1.6,sample,"trial_id: none of ['trial_id'] present in this file's records; experiment_id: none of ['experiment_id'] present in this file's records (predates Gate 0 provenance, this task); parse_status: parsed: JSONL (first record)"
logs/session_91da6e39-21ce-4c21-a951-b21ac562edd5.jsonl,2aa958e11285caf508654aed37b67d11c8820a26017638cdccaa2f349e40e193,1220025,P03,91da6e39-21ce-4c21-a951-b21ac562edd5,,,2026-07-04T15:34:35.066276+00:00,record field (ts_utc/generated_at_utc of first record),1.3,sample,"trial_id: none of ['trial_id'] present in this file's records; experiment_id: none of ['experiment_id'] present in this file's records (predates Gate 0 provenance, this task); parse_status: parsed: JSONL (first record)"
logs/session_947f8b25-2047-4f8b-b161-8fbda0d01edf.jsonl,bdfa709503186fa63368ee7b9753d2c91ea6f0a4ba6b6ab079e106792396eb05,330231,,947f8b25-2047-4f8b-b161-8fbda0d01edf,,,2026-07-03T16:54:30.581103+00:00,record field (ts_utc/generated_at_utc of first record),1.0,,"subject_id: none of ['person_label', 'subject_id', 'participant_code'] present in this file's records; trial_id: none of ['trial_id'] present in this file's records; experiment_id: none of ['experiment_id'] present in this file's records (predates Gate 0 provenance, this task); parse_status: parsed: JSONL (first record)"
logs/session_a1d2b506-babc-4191-9183-01645f3a7a47.jsonl,a5f388522ee4cc7aba0fc77088866460e4f0389d0332baacd8f73933c38bd427,648199,P01,a1d2b506-babc-4191-9183-01645f3a7a47,,,2026-07-04T15:30:20.582926+00:00,record field (ts_utc/generated_at_utc of first record),1.3,sample,"trial_id: none of ['trial_id'] present in this file's records; experiment_id: none of ['experiment_id'] present in this file's records (predates Gate 0 provenance, this task); parse_status: parsed: JSONL (first record)"
logs/session_bc384003-5529-43ef-b046-24e4fcba22e9.jsonl,3b8b2bf8be9a1fba95d36524edba7b97fbdbe841190f43dd7831d94d2e90160b,1774114,P04,bc384003-5529-43ef-b046-24e4fcba22e9,,,2026-07-04T15:35:30.343584+00:00,record field (ts_utc/generated_at_utc of first record),1.3,sample,"trial_id: none of ['trial_id'] present in this file's records; experiment_id: none of ['experiment_id'] present in this file's records (predates Gate 0 provenance, this task); parse_status: parsed: JSONL (first record)"
logs/session_c70daab0-2b83-4dc1-80eb-6195d372a93a.jsonl,1c8418aa592112c274a88e4ad97a9fbfe0d6f4858d0f2e0d14b8074f5b1ddb4c,223789,,c70daab0-2b83-4dc1-80eb-6195d372a93a,,,2026-07-04T03:44:29.699109+00:00,record field (ts_utc/generated_at_utc of first record),1.0,,"subject_id: none of ['person_label', 'subject_id', 'participant_code'] present in this file's records; trial_id: none of ['trial_id'] present in this file's records; experiment_id: none of ['experiment_id'] present in this file's records (predates Gate 0 provenance, this task); parse_status: parsed: JSONL (first record)"
logs/session_ce266287-ebe7-42cf-9f85-8c304126a955.jsonl,c04085647a3a24779d6bc49f9593ffe8031b7f3afd9f34efd938fac910d8e175,641812,,ce266287-ebe7-42cf-9f85-8c304126a955,,,2026-07-04T03:52:32.783777+00:00,record field (ts_utc/generated_at_utc of first record),1.1,sample,"subject_id: none of ['person_label', 'subject_id', 'participant_code'] present in this file's records; trial_id: none of ['trial_id'] present in this file's records; experiment_id: none of ['experiment_id'] present in this file's records (predates Gate 0 provenance, this task); parse_status: parsed: JSONL (first record)"
logs/session_d01dd0e9-06aa-4ea3-9a5f-313f4ee562d5.jsonl,05f2580adb07baf9b008e44746283c141e88b592cd5a444e88be59dcab5bd59d,652187,,d01dd0e9-06aa-4ea3-9a5f-313f4ee562d5,,,2026-07-04T04:06:43.569493+00:00,record field (ts_utc/generated_at_utc of first record),1.1,sample,"subject_id: none of ['person_label', 'subject_id', 'participant_code'] present in this file's records; trial_id: none of ['trial_id'] present in this file's records; experiment_id: none of ['experiment_id'] present in this file's records (predates Gate 0 provenance, this task); parse_status: parsed: JSONL (first record)"
logs/session_d7339aaa-8e0f-4281-8dae-aa18f5242a1d.jsonl,8476bf26803b87a8f5bc85de7d086f1e3d73fd60cde2224cf809d8e2cae25a05,1508096,,d7339aaa-8e0f-4281-8dae-aa18f5242a1d,,,2026-07-04T04:27:56.570878+00:00,record field (ts_utc/generated_at_utc of first record),1.2,sample,"subject_id: none of ['person_label', 'subject_id', 'participant_code'] present in this file's records; trial_id: none of ['trial_id'] present in this file's records; experiment_id: none of ['experiment_id'] present in this file's records (predates Gate 0 provenance, this task); parse_status: parsed: JSONL (first record)"
logs/session_df69b911-ff5b-475d-8d1b-188392d43b93.jsonl,7c433d629942dbcf1d35d97081c828b1bc73d56e7c3eac0e8b5e3dfc64ea69aa,702519,,df69b911-ff5b-475d-8d1b-188392d43b93,,,2026-07-04T04:03:45.252443+00:00,record field (ts_utc/generated_at_utc of first record),1.1,sample,"subject_id: none of ['person_label', 'subject_id', 'participant_code'] present in this file's records; trial_id: none of ['trial_id'] present in this file's records; experiment_id: none of ['experiment_id'] present in this file's records (predates Gate 0 provenance, this task); parse_status: parsed: JSONL (first record)"
logs/session_eb41ba71-7b48-4126-ae6f-8162b79ca890.jsonl,78bfc38fe24a69ce9ed2f34653e87443b0533e47bfd01306ba8efc566807bef2,2958675,,eb41ba71-7b48-4126-ae6f-8162b79ca890,,,2026-07-04T13:35:20.378632+00:00,record field (ts_utc/generated_at_utc of first record),1.3,sample,"subject_id: none of ['person_label', 'subject_id', 'participant_code'] present in this file's records; trial_id: none of ['trial_id'] present in this file's records; experiment_id: none of ['experiment_id'] present in this file's records (predates Gate 0 provenance, this task); parse_status: parsed: JSONL (first record)"
logs/session_f0be0555-1e9d-4ca7-a6a4-b1277d209a40.jsonl,100f0a185dd31dcf37650bb8a13b2c4188e208a906f5da38863af6d6866a0e08,668242,,f0be0555-1e9d-4ca7-a6a4-b1277d209a40,,,2026-07-04T04:01:26.816582+00:00,record field (ts_utc/generated_at_utc of first record),1.1,sample,"subject_id: none of ['person_label', 'subject_id', 'participant_code'] present in this file's records; trial_id: none of ['trial_id'] present in this file's records; experiment_id: none of ['experiment_id'] present in this file's records (predates Gate 0 provenance, this task); parse_status: parsed: JSONL (first record)"
logs/session_fd54305e-18c8-4af9-b13f-ac8d5154ad03.jsonl,411b2f466500b2cbee167c97aeedc6585b68ff06be56c184e84b1239222a59b5,1513455,,fd54305e-18c8-4af9-b13f-ac8d5154ad03,,,2026-07-04T13:38:08.169320+00:00,record field (ts_utc/generated_at_utc of first record),1.3,sample,"subject_id: none of ['person_label', 'subject_id', 'participant_code'] present in this file's records; trial_id: none of ['trial_id'] present in this file's records; experiment_id: none of ['experiment_id'] present in this file's records (predates Gate 0 provenance, this task); parse_status: parsed: JSONL (first record)"
logs/soak_log.jsonl,4c27e9a878f3eebebad690289e5de9ff47ead2c0435117fb3be6cb4fde7ca231,29199,P10B,b3aff8e0-08b6-4c1d-9692-5ae5110df416,,,2026-07-20T17:14:48.584375+00:00,record field (ts_utc/generated_at_utc of first record),,soak_start,"trial_id: none of ['trial_id'] present in this file's records; experiment_id: none of ['experiment_id'] present in this file's records (predates Gate 0 provenance, this task); processing_version: none of ['schema_version'] present in this file's records; parse_status: parsed: JSONL (first record)"
logs/validation_20260703_221015.jsonl,d32f2d8994fdd190c53dedc0eb010f363b216a9bcb14af5876c8624d6dfc9a51,8768,,,,,2026-07-03T16:40:19.153789+00:00,"file mtime (WEAK, non-evidentiary -- no ts_utc/generated_at_utc field in this file)",,,"subject_id: none of ['person_label', 'subject_id', 'participant_code'] present in this file's records; session_id: none of ['session_id'] present in this file's records; trial_id: none of ['trial_id'] present in this file's records; experiment_id: none of ['experiment_id'] present in this file's records (predates Gate 0 provenance, this task); processing_version: none of ['schema_version'] present in this file's records; parse_status: parsed: JSONL (first record)"
logs/validation_20260703_221113.jsonl,8d2808638267eb497447b0f9f1ea1ae7a30b566f035da2b616e21c3744dabb08,710808,,,,,2026-07-03T16:42:24.528765+00:00,"file mtime (WEAK, non-evidentiary -- no ts_utc/generated_at_utc field in this file)",,,"subject_id: none of ['person_label', 'subject_id', 'participant_code'] present in this file's records; session_id: none of ['session_id'] present in this file's records; trial_id: none of ['trial_id'] present in this file's records; experiment_id: none of ['experiment_id'] present in this file's records (predates Gate 0 provenance, this task); processing_version: none of ['schema_version'] present in this file's records; parse_status: parsed: JSONL (first record)"
logs/validation_20260703_221113_manifest.json,f71776876cb06ab53895c28249b4e7f9633fbe51b3bf6ef9a5b860201d40afd9,1702,,,,,2026-07-03T16:42:24.574732+00:00,"file mtime (WEAK, non-evidentiary -- no ts_utc/generated_at_utc field in this file)",,,"subject_id: none of ['person_label', 'subject_id', 'participant_code'] present in this file's records; session_id: none of ['session_id'] present in this file's records; trial_id: none of ['trial_id'] present in this file's records; experiment_id: none of ['experiment_id'] present in this file's records (predates Gate 0 provenance, this task); processing_version: none of ['schema_version'] present in this file's records; parse_status: parsed: single JSON document (object)"
logs/variant_log.jsonl,db878aa019a65434a4c579c2de90badf807a4157ac29b73d916c856886ff2c15,501,,,,,2026-08-24T16:52:20.222150+00:00,record field (ts_utc/generated_at_utc of first record),1.0,variant_log_entry,"subject_id: none of ['person_label', 'subject_id', 'participant_code'] present in this file's records; session_id: none of ['session_id'] present in this file's records; trial_id: none of ['trial_id'] present in this file's records; experiment_id: none of ['experiment_id'] present in this file's records (predates Gate 0 provenance, this task); parse_status: parsed: single JSON document (object)"
logs/video_analysis_clip1_good.json,c9f81d4eb0c167509941cfeb6d86b1f6c6bc3485a91028e3fa75fc2b5ced8f59,6067,,,,,2026-07-26T09:30:09.706495+00:00,record field (ts_utc/generated_at_utc of first record),2.0,video_analysis,"subject_id: none of ['person_label', 'subject_id', 'participant_code'] present in this file's records; session_id: none of ['session_id'] present in this file's records; trial_id: none of ['trial_id'] present in this file's records; experiment_id: none of ['experiment_id'] present in this file's records (predates Gate 0 provenance, this task); parse_status: parsed: single JSON document (object)"
logs/video_analysis_clip2_modeb.json,18088ca66d0602ba294b88ae67f73cd76cd9d421e132e44fe6484b3bd3c50b8b,11481,,,,,2026-07-26T09:32:07.060626+00:00,record field (ts_utc/generated_at_utc of first record),2.0,video_analysis,"subject_id: none of ['person_label', 'subject_id', 'participant_code'] present in this file's records; session_id: none of ['session_id'] present in this file's records; trial_id: none of ['trial_id'] present in this file's records; experiment_id: none of ['experiment_id'] present in this file's records (predates Gate 0 provenance, this task); parse_status: parsed: single JSON document (object)"
logs/video_analysis_clip3_broken.json,e1c9ae30a3484af5f13d3c75214f8a477a2b5664e141cd6387b024381b65beca,1115,,,,,2026-07-26T09:32:08.339851+00:00,record field (ts_utc/generated_at_utc of first record),2.0,video_analysis,"subject_id: none of ['person_label', 'subject_id', 'participant_code'] present in this file's records; session_id: none of ['session_id'] present in this file's records; trial_id: none of ['trial_id'] present in this file's records; experiment_id: none of ['experiment_id'] present in this file's records (predates Gate 0 provenance, this task); parse_status: parsed: single JSON document (object)"
logs/video_analysis_movie_no_neutral_start.json,d1066e174668b9e04bfef9e11d9c555d3b9131b4b67dc4adbc4fcbab5a1d9fae,9728,,,,,2026-07-25T17:46:07.208837+00:00,record field (ts_utc/generated_at_utc of first record),2.0,video_analysis,"subject_id: none of ['person_label', 'subject_id', 'participant_code'] present in this file's records; session_id: none of ['session_id'] present in this file's records; trial_id: none of ['trial_id'] present in this file's records; experiment_id: none of ['experiment_id'] present in this file's records (predates Gate 0 provenance, this task); parse_status: parsed: single JSON document (object)"
logs/video_analysis_movie_scene_cuts.json,98113c3c56098df9e4680abb051aef4e8042dced4feb0eec1b1bcd4871192081,7029,,,,,2026-07-25T17:52:34.921864+00:00,record field (ts_utc/generated_at_utc of first record),2.0,video_analysis,"subject_id: none of ['person_label', 'subject_id', 'participant_code'] present in this file's records; session_id: none of ['session_id'] present in this file's records; trial_id: none of ['trial_id'] present in this file's records; experiment_id: none of ['experiment_id'] present in this file's records (predates Gate 0 provenance, this task); parse_status: parsed: single JSON document (object)"
logs/video_analysis_no_face_clip.json,d6bf8049c01be91e8d0137111588f0af845a3ec743172deaa171895a22f563dd,4948,,,,,2026-07-25T17:53:36.012286+00:00,record field (ts_utc/generated_at_utc of first record),2.0,video_analysis,"subject_id: none of ['person_label', 'subject_id', 'participant_code'] present in this file's records; session_id: none of ['session_id'] present in this file's records; trial_id: none of ['trial_id'] present in this file's records; experiment_id: none of ['experiment_id'] present in this file's records (predates Gate 0 provenance, this task); parse_status: parsed: single JSON document (object)"
logs/video_analysis_test_clip.json,397971be003d6f7d2f714727c2ed0129a02618eba2fb74ec5293fc2c0b58452e,6052,,,,,2026-07-27T15:45:05.301786+00:00,record field (ts_utc/generated_at_utc of first record),2.0,video_analysis,"subject_id: none of ['person_label', 'subject_id', 'participant_code'] present in this file's records; session_id: none of ['session_id'] present in this file's records; trial_id: none of ['trial_id'] present in this file's records; experiment_id: none of ['experiment_id'] present in this file's records (predates Gate 0 provenance, this task); parse_status: parsed: single JSON document (object)"
logs/video_analysis_too_short_clip.json,aedaf86d258253279b3c5192a845c49ffe27585f47101af6d59e034a7f60030c,1418,,,,,2026-07-25T17:26:05.261404+00:00,record field (ts_utc/generated_at_utc of first record),1.0,video_analysis,"subject_id: none of ['person_label', 'subject_id', 'participant_code'] present in this file's records; session_id: none of ['session_id'] present in this file's records; trial_id: none of ['trial_id'] present in this file's records; experiment_id: none of ['experiment_id'] present in this file's records (predates Gate 0 provenance, this task); parse_status: parsed: single JSON document (object)"
logs/yawhold_20260703_222057.jsonl,fd055860fd914aa6d1e9bae584f35be87a3cc691e1fc3053713b8e8e0e63a487,8953,,,,,2026-07-03T16:51:03.837768+00:00,"file mtime (WEAK, non-evidentiary -- no ts_utc/generated_at_utc field in this file)",,,"subject_id: none of ['person_label', 'subject_id', 'participant_code'] present in this file's records; session_id: none of ['session_id'] present in this file's records; trial_id: none of ['trial_id'] present in this file's records; experiment_id: none of ['experiment_id'] present in this file's records (predates Gate 0 provenance, this task); processing_version: none of ['schema_version'] present in this file's records; parse_status: parsed: JSONL (first record)"
logs/yawhold_20260703_222131.jsonl,fad24d6c847911f0d7a54a40a393558b87abd906e389f3bb405db13d6f4cf62d,16453,,,,,2026-07-03T16:51:39.160997+00:00,"file mtime (WEAK, non-evidentiary -- no ts_utc/generated_at_utc field in this file)",,,"subject_id: none of ['person_label', 'subject_id', 'participant_code'] present in this file's records; session_id: none of ['session_id'] present in this file's records; trial_id: none of ['trial_id'] present in this file's records; experiment_id: none of ['experiment_id'] present in this file's records (predates Gate 0 provenance, this task); processing_version: none of ['schema_version'] present in this file's records; parse_status: parsed: JSONL (first record)"
logs/yawhold_20260703_222211.jsonl,25ae05e257679970d630486ba78caa1216330681f7adf357026883b01c9704e3,116216,,,,,2026-07-03T16:52:42.350740+00:00,"file mtime (WEAK, non-evidentiary -- no ts_utc/generated_at_utc field in this file)",,,"subject_id: none of ['person_label', 'subject_id', 'participant_code'] present in this file's records; session_id: none of ['session_id'] present in this file's records; trial_id: none of ['trial_id'] present in this file's records; experiment_id: none of ['experiment_id'] present in this file's records (predates Gate 0 provenance, this task); processing_version: none of ['schema_version'] present in this file's records; parse_status: parsed: JSONL (first record)"
logs/yawhold_20260703_224509.jsonl,09a90603e9f9ed20063524bafe35cebcaad0ebaf3c7045afb648ea2580708041,132473,,,,,2026-07-03T17:15:41.657712+00:00,"file mtime (WEAK, non-evidentiary -- no ts_utc/generated_at_utc field in this file)",,,"subject_id: none of ['person_label', 'subject_id', 'participant_code'] present in this file's records; session_id: none of ['session_id'] present in this file's records; trial_id: none of ['trial_id'] present in this file's records; experiment_id: none of ['experiment_id'] present in this file's records (predates Gate 0 provenance, this task); processing_version: none of ['schema_version'] present in this file's records; parse_status: parsed: JSONL (first record)"
logs/yawhold_20260704_091129.jsonl,0da32101c5ff691993cba7b9ef676ee1f0678969b620e2fa852fb1c4fd7c1bc0,251089,,,,,2026-07-04T03:42:02.298397+00:00,"file mtime (WEAK, non-evidentiary -- no ts_utc/generated_at_utc field in this file)",,,"subject_id: none of ['person_label', 'subject_id', 'participant_code'] present in this file's records; session_id: none of ['session_id'] present in this file's records; trial_id: none of ['trial_id'] present in this file's records; experiment_id: none of ['experiment_id'] present in this file's records (predates Gate 0 provenance, this task); processing_version: none of ['schema_version'] present in this file's records; parse_status: parsed: JSONL (first record)"
